<?xml version="1.0" encoding="utf-8"?>
<ModMetaData>
	<name>Fixed Ideo Style</name>
	<author>Ben Lubar</author>
	<packageId>me.lubar.FixedIdeoStyle</packageId>
	<supportedVersions>
		<li>1.3</li>
	</supportedVersions>
	<description><![CDATA[Prevents pawns from constructing a different style of building than what you placed.

Also allows you to change the style of a blueprint or frame.]]></description>
	<url>https://git.lubar.me/rimworld-mods/fixed-ideo-style</url>
	<modDependencies>
		<li>
			<packageId>brrainz.harmony</packageId>
			<displayName>Harmony</displayName>
			<steamWorkshopUrl>steam://url/CommunityFilePage/2009463077</steamWorkshopUrl>
			<downloadUrl>https://github.com/pardeike/HarmonyRimWorld/releases/latest</downloadUrl>
		</li>
	</modDependencies>
	<loadAfter>
		<li>Ludeon.RimWorld</li>
		<li>Ludeon.RimWorld.Ideology</li>
		<li>brrainz.harmony</li>
	</loadAfter>
</ModMetaData>
